Date,Route,Rating,Notes,URL,Pitches,Location,Avg Stars,Your Stars,Style,Lead Style,Route Type,Your Grade,Length,Route Crag,Route State
2023-04-01,Mush Maker,5.7+,No Notes,https://www.mountainproject.com/route/107128150/mush-maker,1,Washington > South-Central & Yakima > Tieton River > Royal Columns > Main Face,3.0,4,Lead,Flash,Trad,Not Assigned,80.0,Main Face,Washington
2023-04-01,Paul Maul,5.10c,No Notes,https://www.mountainproject.com/route/106442996/paul-maul,1,Washington > South-Central & Yakima > Tieton River > Royal Columns > Orange Sunshine area,3.4,4,Lead,Flash,Trad,Not Assigned,80.0,Orange Sunshine area,Washington
2023-04-01,Jam Exam,5.9,I passed! ,https://www.mountainproject.com/route/106022092/jam-exam,1,Washington > South-Central & Yakima > Tieton River > Royal Columns > Orange Sunshine area,3.4,4,Lead,Flash,Trad,Not Assigned,60.0,Orange Sunshine area,Washington
2023-02-12,Unimpeachable Groping,5.10b,20 draws and two finger sized cams. Crazy fun route. Linked a couple pitches. 4:30 base-to-base w/ Adam. Rapped All You Can Eat with an 80m (70m would also definitely work),https://www.mountainproject.com/route/105732431/unimpeachable-groping,8,Nevada > Southern Nevada > Red Rocks > 11-Juniper Canyon > Ginger Buttress,3.5,4,Lead,Onsight,Sport,Not Assigned,760.0,Ginger Buttress,Nevada
2023-02-11,Levitation 29,5.11b/c,I lead p1-3 & Adam took p4-6. I fell on the crux pitch - excited to come back and give it another go. 4:18 from start to finish. Incredible route ,https://www.mountainproject.com/route/105732443/levitation-29,6,Nevada > Southern Nevada > Red Rocks > 12-Oak Creek Canyon > Eagle Wall,3.8,4,Lead,Not Led,Trad,Not Assigned,700.0,Eagle Wall,Nevada
2022-12-31,Friend,5.10d,No Notes,https://www.mountainproject.com/route/106076229/friend,1,Nevada > Southern Nevada > Red Rocks > 04-Second Pullout (Calico II) > The Black Corridor > Lower Level > Lower Level - Right,2.8,3,Lead,Onsight,Sport,Not Assigned,40.0,Lower Level - Right,Nevada
2022-12-31,Nightmare on Crude Street,5.10d,No Notes,https://www.mountainproject.com/route/105732548/nightmare-on-crude-street,1,Nevada > Southern Nevada > Red Rocks > 04-Second Pullout (Calico II) > The Black Corridor > Lower Level > Lower Level - Right,3.0,3,Lead,Onsight,Sport,Not Assigned,60.0,Lower Level - Right,Nevada
2022-12-30,Lotta Balls,5.8,No Notes,https://www.mountainproject.com/route/105732242/lotta-balls,3,Nevada > Southern Nevada > Red Rocks > 14-First Creek Canyon > Lotta Balls Wall,3.2,4,Lead,Onsight,Trad,Not Assigned,420.0,Lotta Balls Wall,Nevada
2022-12-29,Crimson Chrysalis,5.8+,"Sweet climb & exposure. Bit chilly out today. If you are comfortable running it out at the grade you could easily get away with a single rack (.3-3), nuts, and 15-18 draws/alpines. ",https://www.mountainproject.com/route/105732281/crimson-chrysalis,9,Nevada > Southern Nevada > Red Rocks > 11-Juniper Canyon > Cloud Tower,3.6,-1,Lead,Onsight,Trad,Not Assigned,1000.0,Cloud Tower,Nevada
2022-12-26,Solar Slab,5.6,No Notes,https://www.mountainproject.com/route/105732257/solar-slab,9,Nevada > Southern Nevada > Red Rocks > 12-Oak Creek Canyon > Solar Slab - Upper Tier,3.5,-1,Lead,Onsight,Trad,Not Assigned,1220.0,Solar Slab - Upper Tier,Nevada
2022-12-07,Christian’s Side Hug,M4,No Notes,https://www.mountainproject.com/route/121726904/christians-side-hug,1,Washington > Central-West Cascades & Seattle > North Bend & Vicinity > Exit 38 > **Dry Tooling & Ice Climbing at Exit 38 > Wayne’s World Dry Tooling > Excellent Adventure Wall,2.6,3,Lead,Not Led,"Sport, Mixed",Not Assigned,45.0,Excellent Adventure Wall,Washington
2022-12-07,Moves Like Dave,M4-5,warmup,https://www.mountainproject.com/route/120067037/moves-like-dave,1,Washington > Central-West Cascades & Seattle > North Bend & Vicinity > Exit 38 > **Dry Tooling & Ice Climbing at Exit 38 > Wayne’s World Dry Tooling > Excellent Adventure Wall,3.2,4,Lead,Not Led,"Sport, TR, Mixed",Not Assigned,35.0,Excellent Adventure Wall,Washington
2022-11-26,Chicken McNuggets,5.10b,No Notes,https://www.mountainproject.com/route/105789342/chicken-mcnuggets,1,Oregon > Central Oregon > Smith Rock > (f) Cocaine Gully,2.8,4,Lead,Not Led,Sport,Not Assigned,80.0,(f) Cocaine Gully,Oregon
2022-11-23,Headless Horseman,5.10d,Now that’s what I’m talking about! ,https://www.mountainproject.com/route/105790444/headless-horseman,1,Oregon > Central Oregon > Smith Rock > (i) The Fourth Horseman,3.5,4,Lead,Onsight,Sport,Not Assigned,80.0,(i) The Fourth Horseman,Oregon
2022-11-23,Tuff It Out,5.10a,No Notes,https://www.mountainproject.com/route/106070889/tuff-it-out,1,Oregon > Central Oregon > Smith Rock > (i) The Fourth Horseman,2.4,2,Lead,Onsight,Sport,Not Assigned,70.0,(i) The Fourth Horseman,Oregon
2022-11-17,"Party on, Wayne",M5+,No Notes,https://www.mountainproject.com/route/119398615/party-on-wayne,1,Washington > Central-West Cascades & Seattle > North Bend & Vicinity > Exit 38 > **Dry Tooling & Ice Climbing at Exit 38 > Wayne’s World Dry Tooling > Wayne’s World,3.3,4,Lead,Onsight,"Sport, TR, Mixed",Not Assigned,60.0,Wayne’s World,Washington
2022-11-17,"Party on, Garth",M6-,No Notes,https://www.mountainproject.com/route/120722784/party-on-garth,1,Washington > Central-West Cascades & Seattle > North Bend & Vicinity > Exit 38 > **Dry Tooling & Ice Climbing at Exit 38 > Wayne’s World Dry Tooling > Wayne’s World,3.3,4,Lead,Redpoint,"Sport, TR, Mixed",Not Assigned,50.0,Wayne’s World,Washington
2022-11-17,"Party on, Garth",M6-,"Fun lead, well protected at the crux. Sussing out the beta ",https://www.mountainproject.com/route/120722784/party-on-garth,1,Washington > Central-West Cascades & Seattle > North Bend & Vicinity > Exit 38 > **Dry Tooling & Ice Climbing at Exit 38 > Wayne’s World Dry Tooling > Wayne’s World,3.3,4,Lead,Fell/Hung,"Sport, TR, Mixed",Not Assigned,50.0,Wayne’s World,Washington
2022-11-17,Schwing Left,M4,No Notes,https://www.mountainproject.com/route/118327087/schwing-left,1,Washington > Central-West Cascades & Seattle > North Bend & Vicinity > Exit 38 > **Dry Tooling & Ice Climbing at Exit 38 > Wayne’s World Dry Tooling > Wayne’s World,2.7,3,Lead,Flash,"Sport, TR, Mixed",Not Assigned,55.0,Wayne’s World,Washington
2022-11-14,Joanne’s Overhanging Water Slide,M6,Incredible,https://www.mountainproject.com/route/121689072/joannes-overhanging-water-slide,1,Washington > Central-West Cascades & Seattle > North Bend & Vicinity > Exit 38 > **Dry Tooling & Ice Climbing at Exit 38 > Wayne’s World Dry Tooling > Excellent Adventure Wall,3.5,4,Lead,Onsight,"Sport, Mixed",Not Assigned,55.0,Excellent Adventure Wall,Washington
2022-11-14,Seam Reaper,M5,First M5 ,https://www.mountainproject.com/route/120003713/seam-reaper,1,Washington > Central-West Cascades & Seattle > North Bend & Vicinity > Exit 38 > **Dry Tooling & Ice Climbing at Exit 38 > Wayne’s World Dry Tooling > Excellent Adventure Wall,3.6,4,Lead,Onsight,"Sport, TR, Mixed",Not Assigned,40.0,Excellent Adventure Wall,Washington
2022-11-14,Christian’s Side Hug,M4,Two laps. Fun route ,https://www.mountainproject.com/route/121726904/christians-side-hug,1,Washington > Central-West Cascades & Seattle > North Bend & Vicinity > Exit 38 > **Dry Tooling & Ice Climbing at Exit 38 > Wayne’s World Dry Tooling > Excellent Adventure Wall,2.6,3,Lead,Onsight,"Sport, Mixed",Not Assigned,45.0,Excellent Adventure Wall,Washington
2022-11-14,Moves Like Dave,M4-5,First dry lead! Well bolted ,https://www.mountainproject.com/route/120067037/moves-like-dave,1,Washington > Central-West Cascades & Seattle > North Bend & Vicinity > Exit 38 > **Dry Tooling & Ice Climbing at Exit 38 > Wayne’s World Dry Tooling > Excellent Adventure Wall,3.2,4,Lead,Not Led,"Sport, TR, Mixed",Not Assigned,35.0,Excellent Adventure Wall,Washington
2022-10-18,Psycho Wussy,5.11b,No Notes,https://www.mountainproject.com/route/112070225/psycho-wussy,1,Washington > Central-West Cascades & Seattle > North Bend & Vicinity > Exit 32 / Little Si > World Wall Group > World Wall,2.9,3,Lead,Redpoint,Sport,Not Assigned,60.0,World Wall,Washington
2022-10-18,Son of Jesus,5.10c,No Notes,https://www.mountainproject.com/route/106386267/son-of-jesus,1,Washington > Central-West Cascades & Seattle > North Bend & Vicinity > Exit 32 / Little Si > World Wall Group > World Wall,3.0,3,Lead,Not Led,Sport,Not Assigned,70.0,World Wall,Washington
2022-10-12,Monkey Space,5.11b,"First time up the monkey - airy, techy, powerful. Perfect, besides having our second rope take a ride to the ground following a fall at a crux. Rapped down the route with a 70m and didn’t have any issues. Heinous rope drag coming off the short rappel from the summit to the cave",https://www.mountainproject.com/route/105791523/monkey-space,3,Oregon > Central Oregon > Smith Rock > (s) Monkey Face,3.7,4,Lead,Not Led,Sport,Not Assigned,100.0,(s) Monkey Face,Oregon
2022-10-12,5 Gallon Buckets,5.8,No Notes,https://www.mountainproject.com/route/105789060/5-gallon-buckets,1,Oregon > Central Oregon > Smith Rock > (g) Morning Glory Wall,3.2,-1,Lead,Flash,Sport,Not Assigned,60.0,(g) Morning Glory Wall,Oregon
2022-10-11,Chicken McNuggets,5.10b,No Notes,https://www.mountainproject.com/route/105789342/chicken-mcnuggets,1,Oregon > Central Oregon > Smith Rock > (f) Cocaine Gully,2.8,4,Lead,Onsight,Sport,Not Assigned,80.0,(f) Cocaine Gully,Oregon
2022-10-11,The Flat Earth,5.12a,No Notes,https://www.mountainproject.com/route/105796562/the-flat-earth,1,Oregon > Central Oregon > Smith Rock > (k) The Dihedrals,2.6,3,Lead,Fell/Hung,Sport,Not Assigned,70.0,(k) The Dihedrals,Oregon
2022-10-11,Moonshine Dihedral,5.9,No Notes,https://www.mountainproject.com/route/105790283/moonshine-dihedral,2,Oregon > Central Oregon > Smith Rock > (k) The Dihedrals,3.6,4,Lead,Onsight,Trad,Not Assigned,90.0,(k) The Dihedrals,Oregon
2022-10-09,[Redacted],5.12b,Tough ,https://www.mountainproject.com/route/105880407/redacted,1,Oregon > Central Oregon > Smith Rock > (f) Cocaine Gully,3.0,-1,Lead,Fell/Hung,Sport,Not Assigned,40.0,(f) Cocaine Gully,Oregon
2022-10-09,5 Gallon Buckets,5.8,Cool down w/ runners ,https://www.mountainproject.com/route/105789060/5-gallon-buckets,1,Oregon > Central Oregon > Smith Rock > (g) Morning Glory Wall,3.2,-1,Lead,Flash,Sport,Not Assigned,60.0,(g) Morning Glory Wall,Oregon
2022-10-09,Bloodshot,5.11c,Feeling out the moves. Sweet route ,https://www.mountainproject.com/route/106382806/bloodshot,1,Oregon > Central Oregon > Smith Rock > (f) Cocaine Gully,3.7,4,Lead,Fell/Hung,Sport,Not Assigned,90.0,(f) Cocaine Gully,Oregon
2022-10-09,Dirty Pinkos,5.9+,Walk-off the fastest option back to the base ,https://www.mountainproject.com/route/108347741/dirty-pinkos,4,Oregon > Central Oregon > Smith Rock > (u) Red Wall,3.4,4,Lead,Onsight,Sport,Not Assigned,136.0,(u) Red Wall,Oregon
2022-10-08,Bad Moon Rising,5.11a,No Notes,https://www.mountainproject.com/route/105803451/bad-moon-rising,1,Oregon > Central Oregon > Smith Rock > (q) Mesa Verde Wall,3.4,4,Lead,Onsight,Sport,Not Assigned,90.0,(q) Mesa Verde Wall,Oregon
2022-10-08,Lion's Jaw,5.8,Warmup. MGW is packed ,https://www.mountainproject.com/route/105820721/lions-jaw,1,Oregon > Central Oregon > Smith Rock > (g) Morning Glory Wall,3.1,-1,Lead,Onsight,Trad,Not Assigned,80.0,(g) Morning Glory Wall,Oregon
2022-10-06,Psycho Wussy,5.11b,"1 fall, missed the finger pocket ",https://www.mountainproject.com/route/112070225/psycho-wussy,1,Washington > Central-West Cascades & Seattle > North Bend & Vicinity > Exit 32 / Little Si > World Wall Group > World Wall,2.9,3,Lead,Fell/Hung,Sport,Not Assigned,60.0,World Wall,Washington
2022-10-04,Rainy Day Women,5.12a,First 12a in the books ,https://www.mountainproject.com/route/105789888/rainy-day-women,1,Washington > Central-West Cascades & Seattle > North Bend & Vicinity > Exit 32 / Little Si > World Wall Group > World Wall,3.6,4,Lead,Redpoint,Sport,Not Assigned,100.0,World Wall,Washington
2022-10-01,RPM,5.10b,Epic day ,https://www.mountainproject.com/route/111958075/rpm,6,"Washington > Central-East Cascades, Wenatchee, & Leavenworth > Leavenworth > Icicle Creek > Snow Creek Area > Snow Creek Wall",3.6,4,Lead,Onsight,Trad,Not Assigned,800.0,Snow Creek Wall,Washington
2022-09-29,Rainy Day Women,5.12a,1 take at the crux and one uneccesary fall right after,https://www.mountainproject.com/route/105789888/rainy-day-women,1,Washington > Central-West Cascades & Seattle > North Bend & Vicinity > Exit 32 / Little Si > World Wall Group > World Wall,3.6,4,Lead,Fell/Hung,Sport,Not Assigned,100.0,World Wall,Washington
2022-09-29,Girls in the Gym,5.10c,Warmup. Definitely a thoughtful route ,https://www.mountainproject.com/route/106386277/girls-in-the-gym,1,Washington > Central-West Cascades & Seattle > North Bend & Vicinity > Exit 32 / Little Si > World Wall Group > World Wall,2.8,3,Lead,Not Led,Sport,Not Assigned,80.0,World Wall,Washington
2022-09-25,Pure Joy,5.10c,"1 fall, foot popped ",https://www.mountainproject.com/route/105973915/pure-joy,1,Washington > South-Central & Yakima > Tieton River > The Bend > Bend West,3.5,4,Lead,Fell/Hung,Trad,Not Assigned,136.0,Bend West,Washington
2022-09-25,Orange Sunshine,5.10b,No Notes,https://www.mountainproject.com/route/105922178/orange-sunshine,1,Washington > South-Central & Yakima > Tieton River > Royal Columns > Orange Sunshine area,3.6,4,Lead,Onsight,Trad,Not Assigned,70.0,Orange Sunshine area,Washington
2022-09-25,Jam Exam,5.9,No Notes,https://www.mountainproject.com/route/106022092/jam-exam,1,Washington > South-Central & Yakima > Tieton River > Royal Columns > Orange Sunshine area,3.4,4,Lead,Flash,Trad,Not Assigned,60.0,Orange Sunshine area,Washington
2022-09-24,Wildcat Crack,5.10c,No Notes,https://www.mountainproject.com/route/106191555/wildcat-crack,1,Washington > South-Central & Yakima > Tieton River > Wildcat Wall,4.0,4,Lead,Flash,Trad,Not Assigned,90.0,Wildcat Wall,Washington
2022-09-24,Rhythm and Sorrow,5.11a,First 11a on gear ,https://www.mountainproject.com/route/106467914/rhythm-and-sorrow,1,Washington > South-Central & Yakima > Tieton River > Wildcat Wall,4.0,4,Lead,Fell/Hung,Trad,Not Assigned,100.0,Wildcat Wall,Washington
2022-09-24,Mark's Crack (Left),5.10a,No Notes,https://www.mountainproject.com/route/106892413/marks-crack-left,1,Washington > South-Central & Yakima > Tieton River > Wildcat Wall,2.5,3,Lead,Onsight,Trad,Not Assigned,50.0,Wildcat Wall,Washington
2022-09-23,Blood Lust,5.10,No Notes,https://www.mountainproject.com/route/110906417/blood-lust,1,Washington > South-Central & Yakima > Tieton River > The Bend > Bend North,2.7,-1,Lead,Onsight,Trad,Not Assigned,50.0,Bend North,Washington
2022-09-23,Tongue n' Cheek,5.10b,No Notes,https://www.mountainproject.com/route/111274268/tongue-n-cheek,1,Washington > South-Central & Yakima > Tieton River > The Bend > Bend North,2.5,-1,TR,Not Led,Sport,Not Assigned,75.0,Bend North,Washington
2022-09-23,Mutiny in Manila,5.10a,No Notes,https://www.mountainproject.com/route/117339370/mutiny-in-manila,1,Washington > South-Central & Yakima > Tieton River > The Bend > Bend North,2.6,-1,Lead,Onsight,Trad,Not Assigned,70.0,Bend North,Washington
2022-09-23,"People, Places and Things",5.8+,No Notes,https://www.mountainproject.com/route/108692972/people-places-and-things,1,Washington > South-Central & Yakima > Tieton River > The Bend > Bend North,2.7,-1,Not Specified,Not Led,Trad,Not Assigned,70.0,Bend North,Washington
2022-09-22,Son of Jesus,5.10c,Warmup ,https://www.mountainproject.com/route/106386267/son-of-jesus,1,Washington > Central-West Cascades & Seattle > North Bend & Vicinity > Exit 32 / Little Si > World Wall Group > World Wall,3.0,3,Lead,Not Led,Sport,Not Assigned,70.0,World Wall,Washington
2022-09-22,Rainy Day Women,5.12a,next time ,https://www.mountainproject.com/route/105789888/rainy-day-women,1,Washington > Central-West Cascades & Seattle > North Bend & Vicinity > Exit 32 / Little Si > World Wall Group > World Wall,3.6,4,Lead,Fell/Hung,Sport,Not Assigned,100.0,World Wall,Washington
2022-09-20,Direct North Ridge,5.9+,"9:45 car-to-car (3:40 to base of climb, 3:20 from p1 to summit, 15 minutes chilling at the summit, 2:30 bombing it back to the car); Simuled the 6 hardest pitches (first few & Gendarm) and soloed the rest. Rad day out w/ Justin ",https://www.mountainproject.com/route/106245725/direct-north-ridge,23,"Washington > Central-East Cascades, Wenatchee, & Leavenworth > Stuart-Enchantments > Mt Stuart",3.9,4,Solo,Not Led,"Trad, Alpine",Not Assigned,2800.0,Mt Stuart,Washington
2022-09-19,Son of Jesus,5.10c,Warmup ,https://www.mountainproject.com/route/106386267/son-of-jesus,1,Washington > Central-West Cascades & Seattle > North Bend & Vicinity > Exit 32 / Little Si > World Wall Group > World Wall,3.0,3,Lead,Flash,Sport,Not Assigned,70.0,World Wall,Washington
2022-09-19,Rainy Day Women,5.12a,1 fall at the upper crux section ,https://www.mountainproject.com/route/105789888/rainy-day-women,1,Washington > Central-West Cascades & Seattle > North Bend & Vicinity > Exit 32 / Little Si > World Wall Group > World Wall,3.6,4,Lead,Fell/Hung,Sport,Not Assigned,100.0,World Wall,Washington
2022-09-19,Aborigine,5.11b,No Notes,https://www.mountainproject.com/route/105793712/aborigine,1,Washington > Central-West Cascades & Seattle > North Bend & Vicinity > Exit 32 / Little Si > World Wall Group > World Wall,3.4,4,Lead,Redpoint,Sport,Not Assigned,60.0,World Wall,Washington
2022-09-17,St. Vitus' Dance,5.9,Did the .10a variation on p2 - totally worth it! Doubles from .3-4 felt adequate ,https://www.mountainproject.com/route/105843781/st-vitus-dance,5,International > North America > Canada > British Columbia > Squamish > Stawamus Chief > The Apron,3.4,4,Lead,Onsight,Trad,Not Assigned,600.0,The Apron,International
2022-09-14,The Ascentionist,5.10b/c,3:45 top to bottom. Totally worth hopping on! Keep an eye out for loose rocks. P3 & P5 are $$$,https://www.mountainproject.com/route/114778289/the-ascentionist,6,Washington > Central-West Cascades & Seattle > North Bend & Vicinity > Exit 38 > Deception Crags > Nevermind Wall,2.9,4,Lead,Onsight,Sport,Not Assigned,580.0,Nevermind Wall,Washington
2022-09-13,Strip Clip,5.9,No Notes,https://www.mountainproject.com/route/106002156/strip-clip,1,Washington > Central-West Cascades & Seattle > North Bend & Vicinity > Exit 38 > Deception Crags > Nevermind Wall,2.1,-1,Lead,Not Led,Sport,Not Assigned,60.0,Nevermind Wall,Washington
2022-09-13,Architect Rally,5.11a,No Notes,https://www.mountainproject.com/route/106221614/architect-rally,1,Washington > Central-West Cascades & Seattle > North Bend & Vicinity > Exit 38 > Deception Crags > Nevermind Wall,2.9,-1,Lead,Redpoint,Sport,Not Assigned,70.0,Nevermind Wall,Washington
2022-09-13,You're Only Nice to Me When I Tie You Up,5.10d,No Notes,https://www.mountainproject.com/route/108512177/youre-only-nice-to-me-when-i-tie-you-up,1,Washington > Central-West Cascades & Seattle > North Bend & Vicinity > Exit 38 > Deception Crags > Substation,2.3,3,Lead,Not Led,Sport,Not Assigned,45.0,Substation,Washington
2022-09-13,Cultureshock,5.12a,New project ,https://www.mountainproject.com/route/105793317/cultureshock,1,Washington > Central-West Cascades & Seattle > North Bend & Vicinity > Exit 38 > Deception Crags > Nevermind Wall,3.4,-1,Lead,Fell/Hung,Sport,Not Assigned,55.0,Nevermind Wall,Washington
2022-09-13,Lovey-Dovey,5.10a,No Notes,https://www.mountainproject.com/route/107616232/lovey-dovey,1,Washington > Central-West Cascades & Seattle > North Bend & Vicinity > Exit 38 > Deception Crags > Substation,2.7,3,Lead,Flash,Sport,Not Assigned,40.0,Substation,Washington
2022-09-11,Old Milwaukee Road,5.10a,No Notes,https://www.mountainproject.com/route/108330417/old-milwaukee-road,1,Washington > Central-West Cascades & Seattle > North Bend & Vicinity > Exit 38 > Deception Crags > Deception Wall,3.1,-1,Lead,Flash,Sport,Not Assigned,90.0,Deception Wall,Washington
2022-09-11,Derailed (short),5.7,No Notes,https://www.mountainproject.com/route/114560757/derailed-short,1,Washington > Central-West Cascades & Seattle > North Bend & Vicinity > Exit 38 > Deception Crags > Deception Wall,1.9,-1,Lead,Onsight,Sport,Not Assigned,136.0,Deception Wall,Washington
2022-09-11,La Vida Locomotive,5.11a,No Notes,https://www.mountainproject.com/route/109116887/la-vida-locomotive,1,Washington > Central-West Cascades & Seattle > North Bend & Vicinity > Exit 38 > Deception Crags > Deception Wall,3.4,-1,Lead,Redpoint,Sport,Not Assigned,90.0,Deception Wall,Washington
2022-09-10,Lovey-Dovey,5.10a,No Notes,https://www.mountainproject.com/route/107616232/lovey-dovey,1,Washington > Central-West Cascades & Seattle > North Bend & Vicinity > Exit 38 > Deception Crags > Substation,2.7,3,Lead,Flash,Sport,Not Assigned,40.0,Substation,Washington
2022-09-09,Architect Rally,5.11a,1 fall,https://www.mountainproject.com/route/106221614/architect-rally,1,Washington > Central-West Cascades & Seattle > North Bend & Vicinity > Exit 38 > Deception Crags > Nevermind Wall,2.9,-1,Lead,Fell/Hung,Sport,Not Assigned,70.0,Nevermind Wall,Washington
2022-09-06,Megatherion,5.11b,2 hangs ,https://www.mountainproject.com/route/107239666/megatherion,1,Washington > Central-West Cascades & Seattle > North Bend & Vicinity > Exit 32 / Little Si > World Wall Group > World Wall,3.0,-1,Lead,Fell/Hung,Sport,Not Assigned,85.0,World Wall,Washington
2022-09-06,Aborigine,5.11b,1 fall right before the final jugs ,https://www.mountainproject.com/route/105793712/aborigine,1,Washington > Central-West Cascades & Seattle > North Bend & Vicinity > Exit 32 / Little Si > World Wall Group > World Wall,3.4,4,Lead,Fell/Hung,Sport,Not Assigned,60.0,World Wall,Washington
2022-09-06,Son of Jesus,5.10c,No Notes,https://www.mountainproject.com/route/106386267/son-of-jesus,1,Washington > Central-West Cascades & Seattle > North Bend & Vicinity > Exit 32 / Little Si > World Wall Group > World Wall,3.0,3,Lead,Onsight,Sport,Not Assigned,70.0,World Wall,Washington
2022-09-04,Leeper's Z Corner,5.7,Doubles from .3 to 3 and a 4 felt adequate if you go deeper into the crack. Honestly could have gotten away with just 3s & lower. Eats 2s up ,https://www.mountainproject.com/route/108154702/leepers-z-corner,1,Washington > Central-West Cascades & Seattle > Skykomish Valley > Index > Lookout Point Area > Hag Crag,2.7,3,Lead,Onsight,"Trad, TR",Not Assigned,90.0,Hag Crag,Washington
2022-09-04,Senior Citizens in Space,5.7+,No Notes,https://www.mountainproject.com/route/106057429/senior-citizens-in-space,1,Washington > Central-West Cascades & Seattle > Skykomish Valley > Index > Lookout Point Area > Private Idaho,3.7,-1,Lead,Onsight,"Trad, TR",Not Assigned,100.0,Private Idaho,Washington
2022-09-01,Namby-Pamby,5.10b,No Notes,https://www.mountainproject.com/route/107616268/namby-pamby,1,Washington > Central-West Cascades & Seattle > North Bend & Vicinity > Exit 38 > Deception Crags > Substation,2.6,-1,Lead,Onsight,Sport,Not Assigned,40.0,Substation,Washington
2022-09-01,Big Mama,5.10c/d,No Notes,https://www.mountainproject.com/route/106221622/big-mama,1,Washington > Central-West Cascades & Seattle > North Bend & Vicinity > Exit 38 > Deception Crags > Nevermind Wall,2.9,-1,Lead,Onsight,Sport,Not Assigned,60.0,Nevermind Wall,Washington
2022-09-01,Powerless,5.10c,No Notes,https://www.mountainproject.com/route/106887446/powerless,1,Washington > Central-West Cascades & Seattle > North Bend & Vicinity > Exit 38 > Deception Crags > Nevermind Wall,2.2,-1,Lead,Onsight,Sport,Not Assigned,45.0,Nevermind Wall,Washington
2022-09-01,Neverigine,5.10a,No Notes,https://www.mountainproject.com/route/105793329/neverigine,1,Washington > Central-West Cascades & Seattle > North Bend & Vicinity > Exit 38 > Deception Crags > Nevermind Wall,2.4,-1,Lead,Onsight,Sport,Not Assigned,60.0,Nevermind Wall,Washington
2022-08-30,La Vida Locomotive,5.11a,No Notes,https://www.mountainproject.com/route/109116887/la-vida-locomotive,1,Washington > Central-West Cascades & Seattle > North Bend & Vicinity > Exit 38 > Deception Crags > Deception Wall,3.4,-1,Lead,Fell/Hung,Sport,Not Assigned,90.0,Deception Wall,Washington
2022-08-30,Old Milwaukee Road,5.10a,No Notes,https://www.mountainproject.com/route/108330417/old-milwaukee-road,1,Washington > Central-West Cascades & Seattle > North Bend & Vicinity > Exit 38 > Deception Crags > Deception Wall,3.1,-1,Lead,Onsight,Sport,Not Assigned,90.0,Deception Wall,Washington
2022-08-28,Oyaji Milkman Loves the Sea,5.7+,No Notes,https://www.mountainproject.com/route/122604039/oyaji-milkman-loves-the-sea,1,Washington > Central-West Cascades & Seattle > Skykomish Valley > Index > Lookout Point Area > Planet Index > Lookout jr,3.4,4,Lead,Onsight,Trad,Not Assigned,70.0,Lookout jr,Washington
2022-08-28,Those Two Hummingbirds Who Never Met,5.9,No Notes,https://www.mountainproject.com/route/121083831/those-two-hummingbirds-who-never-met,1,Washington > Central-West Cascades & Seattle > Skykomish Valley > Index > Lookout Point Area > Hag Crag,3.1,4,Lead,Onsight,"Trad, TR",Not Assigned,70.0,Hag Crag,Washington
2022-08-28,Hag Crack,5.6,Ehhhhh,https://www.mountainproject.com/route/109395698/hag-crack,1,Washington > Central-West Cascades & Seattle > Skykomish Valley > Index > Lookout Point Area > Hag Crag,2.3,-1,Lead,Onsight,"Trad, TR",Not Assigned,80.0,Hag Crag,Washington
2022-08-14,Sahale Glacier,Easy 5th Easy Snow,w/ mitchell & hans ,https://www.mountainproject.com/route/111724517/sahale-glacier,1,Washington > Northwest Region > Hwy 20 and North Cascades National Park > North Cascades > Boston Basin > Sahale Peak,3.0,3,Solo,Not Led,"Trad, Snow, Alpine",Not Assigned,136.0,Sahale Peak,Washington
2022-07-25,The Toiler,5.12a,"One fall at crux on 11c section, rough time on the 12 section above… ",https://www.mountainproject.com/route/108090011/the-toiler,3,California > Sierra Eastside > Bishop Area > Pine Creek Canyon > Scheelite Canyon / Pratt's Crack Gully > Mustache Wall,3.9,-1,Lead,Fell/Hung,Sport,Not Assigned,300.0,Mustache Wall,California
2022-07-25,Boldly Departed,5.11b,No Notes,https://www.mountainproject.com/route/107062932/boldly-departed,1,California > Sierra Eastside > Bishop Area > Pine Creek Canyon > Scheelite Canyon / Pratt's Crack Gully > Mustache Wall,3.4,-1,Lead,Onsight,Sport,Not Assigned,100.0,Mustache Wall,California
2022-07-25,Becky Route,5.9+,No Notes,https://www.mountainproject.com/route/106808844/becky-route,1,California > Sierra Eastside > Bishop Area > Pine Creek Canyon > Scheelite Canyon / Pratt's Crack Gully > Mustache Wall,2.9,4,Lead,Onsight,Sport,Not Assigned,100.0,Mustache Wall,California
2022-07-22,The Dagger,5.8,No Notes,https://www.mountainproject.com/route/106520721/the-dagger,1,Montana > Southwest Region > Gallatin Canyon > West Side > Gallatin Tower,2.9,-1,Lead,Flash,Trad,Not Assigned,40.0,Gallatin Tower,Montana
2022-07-10,Upper Exum,5.5,Soooo good!! Super chill climb and easier route finding than I was expecting. We camped out at the meadows and headed up in the early AM. Soloed / simuled most of the route. Eats gear save for a couple pitches. I brought single .5 - 2 c4s and a set of nuts - felt ample. When I come back I’ll either do the full exum in a day or camp out at the saddle.,https://www.mountainproject.com/route/105933562/upper-exum,6,Wyoming > Grand Teton National Park > Grand Teton,3.7,-1,Lead,Onsight,"Trad, Alpine",Not Assigned,1700.0,Grand Teton,Wyoming
2022-06-19,Satisfaction Guaranteed,5.11a/b,2 takes ,https://www.mountainproject.com/route/105918469/satisfaction-guaranteed,1,West Virginia > The New River Gorge Region > Summersville (Gauley River) Area > Summersville Lake (main) > The Satisfaction Wall,3.8,4,Lead,Fell/Hung,Sport,Not Assigned,65.0,The Satisfaction Wall,West Virginia
2022-06-19,Strong Arming the Little Guy,5.10b,Stiff,https://www.mountainproject.com/route/106156848/strong-arming-the-little-guy,1,West Virginia > The New River Gorge Region > Summersville (Gauley River) Area > Summersville Lake (main) > Orange Oswald Wall,2.9,3,Lead,Not Led,Sport,Not Assigned,70.0,Orange Oswald Wall,West Virginia
2022-06-19,Wild Seed,5.11a,"Incredible - crimps, jugs, a traverse, crack if ya want it - what more do you need??",https://www.mountainproject.com/route/106209593/wild-seed,1,West Virginia > The New River Gorge Region > New River Gorge Proper > Fern Buttress > 5) Wild Seed Area,3.4,4,Lead,Onsight,Sport,Not Assigned,70.0,5) Wild Seed Area,West Virginia
2022-06-18,Two Bag Face,5.9 R,Stellar climb and even better views ,https://www.mountainproject.com/route/107129358/two-bag-face,1,West Virginia > The New River Gorge Region > New River Gorge Proper > Fern Buttress > 3) Workmen's Buttress,3.9,4,Lead,Onsight,Trad,Not Assigned,80.0,3) Workmen's Buttress,West Virginia
2022-06-18,Muscle Belly,5.11+,Ehhhhhhhhhhh ,https://www.mountainproject.com/route/106493737/muscle-belly,1,West Virginia > The New River Gorge Region > New River Gorge Proper > Fern Buttress > 5) Wild Seed Area,2.0,2,Lead,Fell/Hung,Sport,Not Assigned,50.0,5) Wild Seed Area,West Virginia
2022-06-18,Emerald Dance,5.9 PG13,"Not PG13 - delicate placements, but plenty safe ",https://www.mountainproject.com/route/108114552/emerald-dance,1,West Virginia > The New River Gorge Region > New River Gorge Proper > Fern Buttress > 6) Thieves Area,3.1,-1,Lead,Onsight,Trad,Not Assigned,100.0,6) Thieves Area,West Virginia
2022-06-18,Ritz Cracker,5.9,No Notes,https://www.mountainproject.com/route/106660073/ritz-cracker,2,West Virginia > The New River Gorge Region > New River Gorge Proper > Fern Buttress > 8) Ritz Cracker Area,3.4,4,Lead,Onsight,Trad,Not Assigned,90.0,8) Ritz Cracker Area,West Virginia
2022-06-12,Punk Wave,5.10,"Rapped after second pitch with one 70m. Rope stretcher, but works. Best multipitch in ga",https://www.mountainproject.com/route/105920651/punk-wave,2,Georgia > Tallulah Gorge > Main Wall,3.9,4,Not Specified,Not Led,Trad,Not Assigned,136.0,Main Wall,Georgia
2022-05-29,White Lightning,5.8+,No Notes,https://www.mountainproject.com/route/105925472/white-lightning,3,North Carolina > 2. Northern Mountains Region > Linville Gorge > Table Rock,3.6,-1,Lead,Onsight,Trad,Not Assigned,200.0,Table Rock,North Carolina
2022-05-01,The Daddy,5.6,Linking p3 and above makes for a some rope drag. Be sure to extend and be mindful of placements ,https://www.mountainproject.com/route/105883690/the-daddy,3,North Carolina > 2. Northern Mountains Region > Linville Gorge > Amphitheater,3.6,4,Lead,Onsight,Trad,Not Assigned,500.0,Amphitheater,North Carolina
2022-05-01,The Prow,5.4,Two long pitches with an 80m ,https://www.mountainproject.com/route/105874010/the-prow,2,North Carolina > 2. Northern Mountains Region > Linville Gorge > Amphitheater,3.1,4,Follow,Not Led,Trad,Not Assigned,500.0,Amphitheater,North Carolina
2022-04-29,Boardwalk,5.8,No Notes,https://www.mountainproject.com/route/105887636/boardwalk,2,North Carolina > 2. Northern Mountains Region > Ship Rock > Main Tier,3.6,4,Lead,Onsight,Trad,Not Assigned,130.0,Main Tier,North Carolina
2022-04-29,Maiden Voyage,5.9,No Notes,https://www.mountainproject.com/route/106881140/maiden-voyage,1,North Carolina > 2. Northern Mountains Region > Ship Rock > Upper Tier,3.2,4,Lead,Onsight,Trad,Not Assigned,70.0,Upper Tier,North Carolina
2022-04-29,Edge of a Dream,5.7,No Notes,https://www.mountainproject.com/route/106135677/edge-of-a-dream,1,North Carolina > 2. Northern Mountains Region > Ship Rock > Upper Tier,3.2,4,Lead,Flash,Trad,Not Assigned,70.0,Upper Tier,North Carolina
2022-04-02,Art,5.8,No Notes,https://www.mountainproject.com/route/105935012/art,1,Tennessee > The Tennessee Wall > T-Wall East,3.4,4,Lead,Onsight,Trad,Not Assigned,80.0,T-Wall East,Tennessee
2022-04-02,Points O' Contact,5.10c,One fall - fingers slipped out at the crux. Fun route ,https://www.mountainproject.com/route/105891939/points-o-contact,1,Tennessee > The Tennessee Wall > T-Wall East,3.7,4,Lead,Fell/Hung,Trad,Not Assigned,80.0,T-Wall East,Tennessee
2022-04-02,Finger Lockin' Good,5.10b/c,One fall - foot slipped. Awesome route ,https://www.mountainproject.com/route/105892674/finger-lockin-good,1,Tennessee > The Tennessee Wall > T-Wall East,3.6,4,Lead,Not Led,Trad,Not Assigned,90.0,T-Wall East,Tennessee
2022-03-27,Golden Locks,5.9,No Notes,https://www.mountainproject.com/route/105888826/golden-locks,1,Tennessee > The Tennessee Wall > T-Wall East,3.6,4,Lead,Onsight,Trad,Not Assigned,100.0,T-Wall East,Tennessee
2022-03-26,Wish-bone,5.10b/c,No Notes,https://www.mountainproject.com/route/112813675/wish-bone,1,Tennessee > Denny Cove > Denny East > Salad Bar,3.1,4,Lead,Onsight,Sport,Not Assigned,85.0,Salad Bar,Tennessee
2022-03-26,Casa de Condimentos,5.10d,No Notes,https://www.mountainproject.com/route/114573064/casa-de-condimentos,1,Tennessee > Denny Cove > Denny East > Salad Bar,2.9,4,Lead,Onsight,Sport,Not Assigned,80.0,Salad Bar,Tennessee
2022-03-26,Three Star Salad Bar,5.9,No Notes,https://www.mountainproject.com/route/112813663/three-star-salad-bar,1,Tennessee > Denny Cove > Denny East > Salad Bar,3.4,4,Lead,Onsight,Sport,Not Assigned,85.0,Salad Bar,Tennessee
2022-03-26,Kiddie Table,5.11d,2 takes,https://www.mountainproject.com/route/113731719/kiddie-table,1,Tennessee > Denny Cove > Denny East > Buffet Wall,3.2,4,Lead,Fell/Hung,Sport,Not Assigned,75.0,Buffet Wall,Tennessee
2022-03-19,Moondance,5.11c,First round. Incredible route ,https://www.mountainproject.com/route/106143405/moondance,1,Oregon > Central Oregon > Smith Rock > (k) The Dihedrals,3.6,4,Lead,Fell/Hung,Sport,Not Assigned,136.0,(k) The Dihedrals,Oregon
2022-03-19,Nine Gallon Buckets,5.10c,great route. 11 draws + 70m ,https://www.mountainproject.com/route/105800412/nine-gallon-buckets,2,Oregon > Central Oregon > Smith Rock > (g) Morning Glory Wall,3.4,-1,Lead,Onsight,Sport,Not Assigned,90.0,(g) Morning Glory Wall,Oregon
2022-03-11,JT's Route,5.10b,found the mono pocket ,https://www.mountainproject.com/route/105812559/jts-route,1,Oregon > Central Oregon > Smith Rock > (m) Smith Rock Group > (3) Phoenix,3.2,3,Lead,Onsight,Sport,Not Assigned,80.0,(3) Phoenix,Oregon
2022-03-06,Punk Wave,5.10,No Notes,https://www.mountainproject.com/route/105920651/punk-wave,3,Georgia > Tallulah Gorge > Main Wall,3.9,4,Lead,Not Led,Trad,Not Assigned,136.0,Main Wall,Georgia
2022-03-06,Mescaline Daydream,5.8+,Made the mistake of linking p1 & p2 - talk about some rope drag. Such a great route ,https://www.mountainproject.com/route/105898061/mescaline-daydream,2,Georgia > Tallulah Gorge > Main Wall,3.6,4,Lead,Onsight,Trad,Not Assigned,200.0,Main Wall,Georgia
2021-11-28,Something's Always Wrong,5.10d,No Notes,https://www.mountainproject.com/route/107301050/somethings-always-wrong,1,Tennessee > Foster Falls > The Right Bunker,3.5,4,Lead,Not Led,Sport,Not Assigned,80.0,The Right Bunker,Tennessee
2021-11-28,Satisfaction,5.12a,First time. Dialed in the beta and ready to come back soon for another go,https://www.mountainproject.com/route/105978789/satisfaction,1,Tennessee > Foster Falls > White Wall,3.8,4,Lead,Fell/Hung,Sport,Not Assigned,60.0,White Wall,Tennessee
2021-11-28,Saturated,5.8,No Notes,https://www.mountainproject.com/route/108440738/saturated,1,Tennessee > Foster Falls > Jimmywood,3.2,3,Lead,Flash,Sport,Not Assigned,90.0,Jimmywood,Tennessee
2021-11-25,Finger Lockin' Good,5.10b/c,No Notes,https://www.mountainproject.com/route/105892674/finger-lockin-good,1,Tennessee > The Tennessee Wall > T-Wall East,3.6,4,Lead,Fell/Hung,Trad,Not Assigned,90.0,T-Wall East,Tennessee
2021-11-25,Prerequisite for Excellence,5.8,No Notes,https://www.mountainproject.com/route/105888371/prerequisite-for-excellence,1,Tennessee > The Tennessee Wall > T-Wall East,3.4,-1,Lead,Onsight,Trad,Not Assigned,80.0,T-Wall East,Tennessee
2021-11-14,Cake Walk,5.10a,sooooo good,https://www.mountainproject.com/route/105889130/cake-walk,1,Tennessee > The Tennessee Wall > T-Wall East,3.7,4,Lead,Flash,Trad,Not Assigned,100.0,T-Wall East,Tennessee
2021-11-13,Twist and Shout,5.9+,Felt more like a 10a/b - beta intensive ,https://www.mountainproject.com/route/106099661/twist-and-shout,1,Tennessee > Foster Falls > The Dihedrals,2.8,3,Lead,Onsight,Sport,Not Assigned,70.0,The Dihedrals,Tennessee
2021-11-13,Premarital Drilling,5.10b,Felt like a 5.9,https://www.mountainproject.com/route/106508340/premarital-drilling,1,Tennessee > Foster Falls > The Left Bunker,2.2,4,Lead,Onsight,Sport,Not Assigned,136.0,The Left Bunker,Tennessee
2021-11-13,Pillsbury,5.11a,No Notes,https://www.mountainproject.com/route/106006449/pillsbury,1,Tennessee > Foster Falls > The Dihedrals,3.4,-1,Lead,Onsight,Sport,Not Assigned,136.0,The Dihedrals,Tennessee
2021-11-13,Fish-eyed Fool,5.10b,No Notes,https://www.mountainproject.com/route/105932718/fish-eyed-fool,1,Tennessee > Foster Falls > The Sanford Wall,3.1,-1,Lead,Flash,Sport,Not Assigned,70.0,The Sanford Wall,Tennessee
2021-10-24,Dopey Duck,5.9,Incredible climb. Should have brought some longer runners for the start of P2 ,https://www.mountainproject.com/route/105969252/dopey-duck,3,North Carolina > 2. Northern Mountains Region > Linville Gorge > Shortoff Mountain,3.8,4,Lead,Onsight,Trad,Not Assigned,350.0,Shortoff Mountain,North Carolina
2021-10-24,Maginot Line,5.7,No Notes,https://www.mountainproject.com/route/106039706/maginot-line,3,North Carolina > 2. Northern Mountains Region > Linville Gorge > Shortoff Mountain,3.5,4,Lead,Flash,Trad,Not Assigned,300.0,Shortoff Mountain,North Carolina
2021-09-12,Shrimp Dude,5.10a,No Notes,https://www.mountainproject.com/route/107645399/shrimp-dude,1,Alabama > Sand Rock > The Islands,2.9,3,Lead,Onsight,Sport,Not Assigned,60.0,The Islands,Alabama
2021-09-12,That Eight (aka Kennel Club),5.8,No Notes,https://www.mountainproject.com/route/105915410/that-eight-aka-kennel-club,1,Alabama > Sand Rock > Holiday Block,2.8,3,Lead,Flash,Sport,Not Assigned,60.0,Holiday Block,Alabama
2021-09-12,Oyster,5.10a,No Notes,https://www.mountainproject.com/route/105926850/oyster,1,Alabama > Sand Rock > Holiday Block,3.1,4,Lead,Flash,Sport,Not Assigned,80.0,Holiday Block,Alabama
2021-09-12,Walking the Dog,5.9-,No Notes,https://www.mountainproject.com/route/106101126/walking-the-dog,1,Alabama > Sand Rock > Holiday Block,2.6,-1,Lead,Onsight,Trad,Not Assigned,60.0,Holiday Block,Alabama
2021-09-12,Eight In The Hole,5.8-,No Notes,https://www.mountainproject.com/route/107057599/eight-in-the-hole,1,Alabama > Sand Rock > The Hole,2.1,-1,Lead,Onsight,Sport,Not Assigned,40.0,The Hole,Alabama
2021-09-12,Backdraft,5.9,No Notes,https://www.mountainproject.com/route/108419758/backdraft,1,Alabama > Sand Rock > New Wall (AKA Kurt Russell Block),2.3,-1,Lead,Onsight,Sport,Not Assigned,35.0,New Wall (AKA Kurt Russell Block),Alabama
2021-09-05,Owen Spalding,5.4,No Notes,https://www.mountainproject.com/route/105814121/owen-spalding,3,Wyoming > Grand Teton National Park > Grand Teton,3.4,-1,Lead,Onsight,"Trad, Alpine",Not Assigned,1560.0,Grand Teton,Wyoming
2021-09-05,Guide's Wall,5.8,No Notes,https://www.mountainproject.com/route/105804246/guides-wall,6,Wyoming > Grand Teton National Park > Cascade Canyon,3.3,-1,Lead,Onsight,"Trad, Alpine",Not Assigned,136.0,Cascade Canyon,Wyoming
2021-09-03,Steorts' Ridge,5.6,No Notes,https://www.mountainproject.com/route/105740006/steorts-ridge,3,Utah > Wasatch Range > Central Wasatch > Big Cottonwood Canyon > The Dead Snag,3.5,4,Lead,Onsight,Trad,Not Assigned,250.0,The Dead Snag,Utah
2021-08-22,Lemonade,5.11a,Fell once - solid route ,https://www.mountainproject.com/route/112844518/lemonade,1,Alabama > Little River Canyon > Lizard Wall,3.0,4,Lead,Fell/Hung,Sport,Not Assigned,136.0,Lizard Wall,Alabama
2021-08-22,Cardboard Cowboy,5.12a,Wasn’t pretty but made it to the top,https://www.mountainproject.com/route/113431737/cardboard-cowboy,1,Alabama > Little River Canyon > Lizard Wall,3.6,4,Lead,Fell/Hung,Sport,Not Assigned,80.0,Lizard Wall,Alabama
2021-08-18,Mrs. Field's Follies,5.8,No Notes,https://www.mountainproject.com/route/106138609/mrs-fields-follies,1,West Virginia > The New River Gorge Region > New River Gorge Proper > Bubba City > 01. Sandstonia,3.4,-1,Not Specified,Not Led,Sport,Not Assigned,95.0,01. Sandstonia,West Virginia
2021-08-16,Cross Eyed and Blind,5.11a,No Notes,https://www.mountainproject.com/route/106550243/cross-eyed-and-blind,1,West Virginia > The New River Gorge Region > Meadow River Gorge > Upper Meadow > 1. First Buttress,3.5,4,Lead,Redpoint,Sport,Not Assigned,80.0,1. First Buttress,West Virginia
2021-08-07,La Cueva del Alacrán,5.8,No Notes,https://www.mountainproject.com/route/107998128/la-cueva-del-alacran,1,International > North America > Puerto Rico > Nuevo Bayamón > 04. La Escalera,2.7,-1,Lead,Onsight,Sport,Not Assigned,40.0,04. La Escalera,International
2021-08-05,Misty,5.10b/c,No Notes,https://www.mountainproject.com/route/105905421/misty,1,Alabama > Sand Rock > Sun Wall,3.7,4,Lead,Flash,Sport,Not Assigned,90.0,Sun Wall,Alabama
2021-07-10,Lost in Space,5.10b,First time leading the route and stuck the crux! I’ve tried this a couple times following - about time to break out from the shell ,https://www.mountainproject.com/route/106617876/lost-in-space,3,North Carolina > 2. Northern Mountains Region > Linville Gorge > Hawksbill Mtn > Main Wall,3.8,4,Lead,Redpoint,Trad,Not Assigned,170.0,Main Wall,North Carolina
2021-06-12,Floaters,5.10d,After raining constantly the past few days 1st buttress is one of the only dry areas. Great route. Almost 100% humidity adds to the fun ,https://www.mountainproject.com/route/106550348/floaters,1,West Virginia > The New River Gorge Region > Meadow River Gorge > Upper Meadow > 1. First Buttress,3.4,-1,Lead,Onsight,Sport,Not Assigned,80.0,1. First Buttress,West Virginia
2021-06-11,Rico Suave,5.10a,Came here due to the rain - 80% of the route was dry in the pouring rain! Great place to come. The 5.7 trad route is also dry in the rain ,https://www.mountainproject.com/route/105963848/rico-suave,1,West Virginia > The New River Gorge Region > New River Gorge Proper > Kaymoor > 3. Rico Suave Buttress,3.5,4,Lead,Flash,Sport,Not Assigned,70.0,3. Rico Suave Buttress,West Virginia
2021-06-07,The Good Old Days,5.9,No Notes,https://www.mountainproject.com/route/107792690/the-good-old-days,1,West Virginia > The New River Gorge Region > New River Gorge Proper > Kaymoor > 3. Rico Suave Buttress,2.9,4,Lead,Onsight,Trad,Not Assigned,60.0,3. Rico Suave Buttress,West Virginia
2021-06-06,Scenic Adult,5.11c,"Took two times, nailed down the beta, ready to come back for another go",https://www.mountainproject.com/route/106461197/scenic-adult,1,West Virginia > The New River Gorge Region > New River Gorge Proper > Kaymoor > 7. Seven Eleven Wall,3.8,4,Lead,Fell/Hung,Sport,Not Assigned,95.0,7. Seven Eleven Wall,West Virginia
2021-06-05,Flight of the Gumby,5.9+,No Notes,https://www.mountainproject.com/route/105944377/flight-of-the-gumby,1,West Virginia > The New River Gorge Region > New River Gorge Proper > Kaymoor > 6. Butcher's Branch,3.5,4,Lead,Onsight,Sport,Not Assigned,80.0,6. Butcher's Branch,West Virginia
2021-06-05,Under the Milky Way,5.11d,"First round up Milky Way - plenty of takes, but nice to piece together the beta. Will be back ",https://www.mountainproject.com/route/105918478/under-the-milky-way,1,West Virginia > The New River Gorge Region > Summersville (Gauley River) Area > Summersville Lake (main) > The Long Wall,3.9,4,Lead,Fell/Hung,Sport,Not Assigned,70.0,The Long Wall,West Virginia
2021-06-05,The Hell With That,5.9,No Notes,https://www.mountainproject.com/route/106942184/the-hell-with-that,1,West Virginia > The New River Gorge Region > Summersville (Gauley River) Area > Summersville Lake (main) > Orange Oswald Wall,2.8,4,Lead,Onsight,Trad,Not Assigned,136.0,Orange Oswald Wall,West Virginia
2021-05-15,Fuhrer Finger,Mod. Snow,"Ski descent, fun times were had. Great time ",https://www.mountainproject.com/route/106636996/fuhrer-finger,1,Washington > South-West & Tacoma > Southwest Cascades > Mount Rainier,3.4,4,Not Specified,Not Led,"Snow, Alpine",Not Assigned,9000.0,Mount Rainier,Washington
2021-04-18,The Preacher's Daughter,5.11a/b,No Notes,https://www.mountainproject.com/route/107879859/the-preachers-daughter,1,Kentucky > Red River Gorge > Pendergrass-Murray Recreational Preserve (PMRP) > The Gallery,3.5,-1,Lead,Flash,Sport,Not Assigned,70.0,The Gallery,Kentucky
2021-04-18,A Brief History of Climb,5.10b,No Notes,https://www.mountainproject.com/route/106125070/a-brief-history-of-climb,1,Kentucky > Red River Gorge > Pendergrass-Murray Recreational Preserve (PMRP) > The Gallery,3.7,-1,Lead,Flash,Sport,Not Assigned,75.0,The Gallery,Kentucky
2021-04-18,The King Lives On,5.10b,No Notes,https://www.mountainproject.com/route/106125110/the-king-lives-on,1,Kentucky > Red River Gorge > Pendergrass-Murray Recreational Preserve (PMRP) > The Gallery,2.7,3,Lead,Onsight,Sport,Not Assigned,80.0,The Gallery,Kentucky
2021-04-18,A Brief History of Climb,5.10b,No Notes,https://www.mountainproject.com/route/106125070/a-brief-history-of-climb,1,Kentucky > Red River Gorge > Pendergrass-Murray Recreational Preserve (PMRP) > The Gallery,3.7,-1,Lead,Onsight,Sport,Not Assigned,75.0,The Gallery,Kentucky
2021-04-16,Banshee,5.11c,No Notes,https://www.mountainproject.com/route/106333612/banshee,1,Kentucky > Red River Gorge > Muir Valley > The Solarium,3.9,-1,Lead,Flash,Sport,Not Assigned,100.0,The Solarium,Kentucky
2021-03-27,Sodomy,5.11c,No Notes,https://www.mountainproject.com/route/114115214/sodomy,1,Alabama > Little River Canyon > Lizard Wall,3.2,-1,Lead,Fell/Hung,Sport,Not Assigned,57.0,Lizard Wall,Alabama
2021-03-27,Lemonade,5.11a,A couple takes to get to the top - getting back at it with training. Will be back ,https://www.mountainproject.com/route/112844518/lemonade,1,Alabama > Little River Canyon > Lizard Wall,3.0,4,Lead,Fell/Hung,Sport,Not Assigned,136.0,Lizard Wall,Alabama
2021-03-24,The Great White Icicle,WI3,No Notes,https://www.mountainproject.com/route/105879630/the-great-white-icicle,4,Utah > Wasatch Range > Central Wasatch > Little Cottonwood Canyon > Great White Icicle Area,3.3,4,Follow,Not Led,Ice,Not Assigned,600.0,Great White Icicle Area,Utah
2021-03-07,The Mummy,5.5,No Notes,https://www.mountainproject.com/route/105905544/the-mummy,3,North Carolina > 2. Northern Mountains Region > Linville Gorge > Amphitheater,3.5,4,Not Specified,Not Led,Trad,Not Assigned,350.0,Amphitheater,North Carolina
2021-03-07,North Ridge,5.5,No Notes,https://www.mountainproject.com/route/105873517/north-ridge,3,North Carolina > 2. Northern Mountains Region > Linville Gorge > Table Rock,3.4,4,Not Specified,Not Led,Trad,Not Assigned,250.0,Table Rock,North Carolina
2021-03-07,Hyperbola,5.10a R,No Notes,https://www.mountainproject.com/route/105900646/hyperbola,1,North Carolina > 1. Southern Mountains Region > Looking Glass Rock > Nose Area,3.7,4,Follow,Not Led,Trad,Not Assigned,550.0,Nose Area,North Carolina
2021-02-23,The Great White Icicle,WI3,No Notes,https://www.mountainproject.com/route/105879630/the-great-white-icicle,3,Utah > Wasatch Range > Central Wasatch > Little Cottonwood Canyon > Great White Icicle Area,3.3,4,Follow,Not Led,Ice,Not Assigned,600.0,Great White Icicle Area,Utah
2021-01-01,Bonaire,5.9,No Notes,https://www.mountainproject.com/route/105732515/bonaire,1,Nevada > Southern Nevada > Red Rocks > 04-Second Pullout (Calico II) > The Black Corridor > Lower Level > Lower Level - Left,2.4,-1,Lead,Onsight,Sport,Not Assigned,80.0,Lower Level - Left,Nevada
2020-12-27,Idiot Parade (aka Need to Rest),5.10c,No Notes,https://www.mountainproject.com/route/105826602/idiot-parade-aka-need-to-rest,1,Nevada > Southern Nevada > Red Rocks > 04-Second Pullout (Calico II) > The Black Corridor > Lower Level > Lower Level - Right,2.9,-1,Lead,Onsight,Sport,Not Assigned,50.0,Lower Level - Right,Nevada
2020-12-27,Nightmare on Crude Street,5.10d,No Notes,https://www.mountainproject.com/route/105732548/nightmare-on-crude-street,1,Nevada > Southern Nevada > Red Rocks > 04-Second Pullout (Calico II) > The Black Corridor > Lower Level > Lower Level - Right,3.0,3,Lead,Onsight,Sport,Not Assigned,60.0,Lower Level - Right,Nevada
2020-12-26,Great Red Book,5.8,No Notes,https://www.mountainproject.com/route/105732647/great-red-book,2,Nevada > Southern Nevada > Red Rocks > 04-Second Pullout (Calico II) > The Great Red Book Area,3.4,-1,Lead,Onsight,Trad,Not Assigned,250.0,The Great Red Book Area,Nevada
2020-11-15,Climbing Merit Badge,5.6,No Notes,https://www.mountainproject.com/route/116831757/climbing-merit-badge,1,Alabama > Sand Rock > Boy Scout Wall,2.3,-1,Solo,Not Led,"Trad, TR",Not Assigned,35.0,Boy Scout Wall,Alabama
2020-11-15,Bird in Hand,5.8,No Notes,https://www.mountainproject.com/route/112907812/bird-in-hand,1,Alabama > Sand Rock > Holiday Block,2.6,-1,Lead,Onsight,Sport,Not Assigned,70.0,Holiday Block,Alabama
2020-11-15,Oyster,5.10a,No Notes,https://www.mountainproject.com/route/105926850/oyster,1,Alabama > Sand Rock > Holiday Block,3.1,4,Lead,Onsight,Sport,Not Assigned,80.0,Holiday Block,Alabama
2020-11-15,That Eight (aka Kennel Club),5.8,No Notes,https://www.mountainproject.com/route/105915410/that-eight-aka-kennel-club,1,Alabama > Sand Rock > Holiday Block,2.8,3,Lead,Onsight,Sport,Not Assigned,60.0,Holiday Block,Alabama
2020-11-15,The Thing,5.8-,No Notes,https://www.mountainproject.com/route/108009912/the-thing,1,Alabama > Sand Rock > New Wall (AKA Kurt Russell Block),2.0,-1,Lead,Onsight,Sport,Not Assigned,35.0,New Wall (AKA Kurt Russell Block),Alabama
2020-11-15,Captain Ron,5.8,No Notes,https://www.mountainproject.com/route/108009978/captain-ron,1,Alabama > Sand Rock > New Wall (AKA Kurt Russell Block),2.6,-1,Lead,Onsight,Sport,Not Assigned,35.0,New Wall (AKA Kurt Russell Block),Alabama
2020-11-15,Pin Chimney,5.8+,No Notes,https://www.mountainproject.com/route/105905203/pin-chimney,1,Alabama > Sand Rock > The Pinnacle,2.8,-1,Lead,Onsight,Trad,Not Assigned,100.0,The Pinnacle,Alabama
2020-11-14,Dreamscape,5.11c,No Notes,https://www.mountainproject.com/route/105979968/dreamscape,1,Alabama > Sand Rock > Sun Wall,3.8,-1,Lead,Pinkpoint,Sport,Not Assigned,75.0,Sun Wall,Alabama
2020-11-14,Cinco de Mayo,5.10c/d,No Notes,https://www.mountainproject.com/route/106311736/cinco-de-mayo,1,Alabama > Sand Rock > Holiday Block,2.9,-1,Lead,Redpoint,Sport,Not Assigned,40.0,Holiday Block,Alabama
2020-11-08,Frosted Flake,5.9+,No Notes,https://www.mountainproject.com/route/105899306/frosted-flake,1,North Carolina > 1. Southern Mountains Region > Rumbling Bald > Cereal Buttress,3.6,4,Lead,Flash,Trad,Not Assigned,80.0,Cereal Buttress,North Carolina
2020-11-06,Linville Crusher,5.10-,Finished in 10:07 with Justin ,https://www.mountainproject.com/route/112248480/linville-crusher,19,North Carolina > 2. Northern Mountains Region > Linville Gorge > Linville Link Ups,4.0,4,Lead,Flash,Trad,Not Assigned,136.0,Linville Link Ups,North Carolina
2020-11-05,The Daddy,5.6,Simul ,https://www.mountainproject.com/route/105883690/the-daddy,3,North Carolina > 2. Northern Mountains Region > Linville Gorge > Amphitheater,3.6,4,Follow,Not Led,Trad,Not Assigned,500.0,Amphitheater,North Carolina
2020-10-03,Saturated,5.8,No Notes,https://www.mountainproject.com/route/108440738/saturated,1,Tennessee > Foster Falls > Jimmywood,3.2,3,Lead,Onsight,Sport,Not Assigned,90.0,Jimmywood,Tennessee
2020-10-02,Creatures of Waste,5.10c A3,No Notes,https://www.mountainproject.com/route/106831306/creatures-of-waste,1,North Carolina > 1. Southern Mountains Region > Looking Glass Rock > North Side,3.6,4,Lead,Flash,"Trad, Aid",Not Assigned,300.0,North Side,North Carolina
2020-09-27,Southender,5.8,No Notes,https://www.mountainproject.com/route/111770806/southender,1,North Carolina > 1. Southern Mountains Region > Looking Glass Rock > South Side,2.4,-1,Follow,Not Led,Trad,Not Assigned,195.0,South Side,North Carolina
2020-09-27,Sundial Crack,5.8-,No Notes,https://www.mountainproject.com/route/105891892/sundial-crack,4,North Carolina > 1. Southern Mountains Region > Looking Glass Rock > Nose Area,3.2,-1,Follow,Not Led,Trad,Not Assigned,430.0,Nose Area,North Carolina
2020-09-27,The Nose,5.8,No Notes,https://www.mountainproject.com/route/105874396/the-nose,1,North Carolina > 1. Southern Mountains Region > Looking Glass Rock > Nose Area,3.5,-1,Follow,Not Led,Trad,Not Assigned,400.0,Nose Area,North Carolina
2020-09-27,Peregrine,5.9,No Notes,https://www.mountainproject.com/route/105950734/peregrine,1,North Carolina > 1. Southern Mountains Region > Looking Glass Rock > Nose Area,2.8,-1,Lead,Flash,Trad,Not Assigned,450.0,Nose Area,North Carolina
2020-09-27,Second Coming,5.7,No Notes,https://www.mountainproject.com/route/105874379/second-coming,1,North Carolina > 1. Southern Mountains Region > Looking Glass Rock > South Side,3.0,-1,Lead,Flash,Trad,Not Assigned,300.0,South Side,North Carolina
2020-09-27,Creatures of Waste,5.10c A3,No Notes,https://www.mountainproject.com/route/106831306/creatures-of-waste,1,North Carolina > 1. Southern Mountains Region > Looking Glass Rock > North Side,3.6,4,Lead,Redpoint,"Trad, Aid",Not Assigned,300.0,North Side,North Carolina
2020-09-26,The Seal,5.10a/b,No Notes,https://www.mountainproject.com/route/105934845/the-seal,1,North Carolina > 1. Southern Mountains Region > Looking Glass Rock > North Side,3.4,4,Follow,Not Led,Trad,Not Assigned,400.0,North Side,North Carolina
2020-09-22,Short Man's Sorrow,5.6,No Notes,https://www.mountainproject.com/route/106099503/short-mans-sorrow,1,North Carolina > 1. Southern Mountains Region > Looking Glass Rock > South Side,2.0,3,Follow,Not Led,Trad,Not Assigned,40.0,South Side,North Carolina
2020-09-19,Gemini Crack,5.8,No Notes,https://www.mountainproject.com/route/105939175/gemini-crack,1,North Carolina > 1. Southern Mountains Region > Looking Glass Rock > South Side,3.2,-1,Lead,Not Led,Trad,Not Assigned,200.0,South Side,North Carolina
2020-09-19,Second Coming,5.7,No Notes,https://www.mountainproject.com/route/105874379/second-coming,2,North Carolina > 1. Southern Mountains Region > Looking Glass Rock > South Side,3.0,-1,Lead,Onsight,Trad,Not Assigned,300.0,South Side,North Carolina
2020-09-03,Junkyard,5.11a,No Notes,https://www.mountainproject.com/route/106954631/junkyard,1,Tennessee > Foster Falls > The Sanford Wall,2.9,-1,Lead,Fell/Hung,Sport,Not Assigned,50.0,The Sanford Wall,Tennessee
2020-09-03,The Big One,5.11b/c,No Notes,https://www.mountainproject.com/route/111776534/the-big-one,1,Tennessee > Foster Falls > The Sanford Wall,3.1,-1,Lead,Fell/Hung,Sport,Not Assigned,45.0,The Sanford Wall,Tennessee
2020-09-03,Rollo,5.11a,No Notes,https://www.mountainproject.com/route/106131678/rollo,1,Tennessee > Foster Falls > The Sanford Wall,2.7,-1,Lead,Redpoint,Sport,Not Assigned,45.0,The Sanford Wall,Tennessee
2020-08-22,Groundhog,5.11c,No Notes,https://www.mountainproject.com/route/108009965/groundhog,1,Alabama > Sand Rock > New Wall (AKA Kurt Russell Block),2.5,-1,Lead,Redpoint,Sport,Not Assigned,35.0,New Wall (AKA Kurt Russell Block),Alabama
2020-08-22,Lithium,5.12a,No Notes,https://www.mountainproject.com/route/114352130/lithium,1,Alabama > Little River Canyon > Tourist Wall > The Crazy House,2.7,-1,Lead,Pinkpoint,Sport,Not Assigned,136.0,The Crazy House,Alabama
2020-08-22,Cedar twist,5.10c,No Notes,https://www.mountainproject.com/route/116689582/cedar-twist,1,Alabama > Little River Canyon > Tourist Wall > The Crazy House,2.7,-1,Lead,Redpoint,Sport,Not Assigned,65.0,The Crazy House,Alabama
2020-08-22,Bitless,5.11a/b,No Notes,https://www.mountainproject.com/route/112818742/bitless,1,Alabama > Little River Canyon > Tourist Wall > The Crazy House,3.5,-1,Lead,Pinkpoint,Sport,Not Assigned,136.0,The Crazy House,Alabama
2020-08-09,Rabies,5.11a,No Notes,https://www.mountainproject.com/route/105930750/rabies,1,Alabama > Sand Rock > Holiday Block,2.8,-1,Lead,Onsight,Sport,Not Assigned,75.0,Holiday Block,Alabama
2020-06-21,Hissing Llamas,5.8,No Notes,https://www.mountainproject.com/route/105822353/hissing-llamas,1,Oregon > Central Oregon > Smith Rock > (m) Smith Rock Group > (3) Phoenix,2.8,3,Lead,Flash,Sport,Not Assigned,70.0,(3) Phoenix,Oregon
2020-06-21,Screaming Yellow Zonkers,5.10b,No Notes,https://www.mountainproject.com/route/105803440/screaming-yellow-zonkers,1,Oregon > Central Oregon > Smith Rock > (q) Mesa Verde Wall,3.5,-1,Lead,Onsight,Sport,Not Assigned,85.0,(q) Mesa Verde Wall,Oregon
2020-06-21,5 Gallon Buckets,5.8,No Notes,https://www.mountainproject.com/route/105789060/5-gallon-buckets,1,Oregon > Central Oregon > Smith Rock > (g) Morning Glory Wall,3.2,-1,Lead,Onsight,Sport,Not Assigned,60.0,(g) Morning Glory Wall,Oregon
2020-06-21,Dancer,5.7,No Notes,https://www.mountainproject.com/route/105789169/dancer,1,Oregon > Central Oregon > Smith Rock > (l) Christian Brothers > Christian Brothers - East Side,2.3,-1,Lead,Onsight,Sport,Not Assigned,136.0,Christian Brothers - East Side,Oregon
2020-04-30,Vermin,5.10b,No Notes,https://www.mountainproject.com/route/106562226/vermin,1,North Carolina > 2. Northern Mountains Region > The Dump > The Dump aka Warpin and Dorphin (Routes),2.2,-1,Lead,Onsight,Sport,Not Assigned,136.0,The Dump aka Warpin and Dorphin (Routes),North Carolina
2020-04-27,Lichen Surprise,5.10a,No Notes,https://www.mountainproject.com/route/113629711/lichen-surprise,1,North Carolina > 2. Northern Mountains Region > Linville Gorge > Hawksbill Mtn > Middle Hawksbill,3.1,3,Lead,Flash,Sport,Not Assigned,90.0,Middle Hawksbill,North Carolina
2020-04-27,Lackey Vision,5.9,No Notes,https://www.mountainproject.com/route/113629593/lackey-vision,1,North Carolina > 2. Northern Mountains Region > Linville Gorge > Hawksbill Mtn > Middle Hawksbill,3.0,3,Lead,Onsight,Sport,Not Assigned,100.0,Middle Hawksbill,North Carolina
2020-04-27,Green Wall,5.7,No Notes,https://www.mountainproject.com/route/107681675/green-wall,1,North Carolina > 2. Northern Mountains Region > Linville Gorge > Hawksbill Mtn > Middle Hawksbill,2.7,-1,Lead,Flash,"Trad, Sport",Not Assigned,80.0,Middle Hawksbill,North Carolina
2020-04-27,Harpoon,5.10a,No Notes,https://www.mountainproject.com/route/105887719/harpoon,1,North Carolina > 2. Northern Mountains Region > Ship Rock > Main Tier,3.1,4,Lead,Flash,Trad,Not Assigned,50.0,Main Tier,North Carolina
2020-04-27,Linn Cove Lullaby,5.10a,No Notes,https://www.mountainproject.com/route/105888558/linn-cove-lullaby,2,North Carolina > 2. Northern Mountains Region > Ship Rock > Main Tier,3.5,4,Follow,Not Led,Trad,Not Assigned,120.0,Main Tier,North Carolina
2019-11-03,Mitch's Bitch,5.10c,No Notes,https://www.mountainproject.com/route/108668686/mitchs-bitch,1,Tennessee > Foster Falls > Wall of Useless Conflict,2.9,-1,Lead,Redpoint,Sport,Not Assigned,80.0,Wall of Useless Conflict,Tennessee
2019-11-03,Sweet Surrender,5.8,No Notes,https://www.mountainproject.com/route/112293152/sweet-surrender,1,Tennessee > Foster Falls > Music City/The 5.9 Area,3.5,-1,Lead,Onsight,Sport,Not Assigned,136.0,Music City/The 5.9 Area,Tennessee
2019-10-11,Gully Rappel,5.6,No Notes,https://www.mountainproject.com/route/111751599/gully-rappel,1,North Carolina > 2. Northern Mountains Region > Linville Gorge > Shortoff Mountain,1.8,-1,Lead,Onsight,"Trad, TR",Not Assigned,90.0,Shortoff Mountain,North Carolina
2019-10-11,Maginot Line,5.7,No Notes,https://www.mountainproject.com/route/106039706/maginot-line,3,North Carolina > 2. Northern Mountains Region > Linville Gorge > Shortoff Mountain,3.5,4,Lead,Onsight,Trad,Not Assigned,300.0,Shortoff Mountain,North Carolina
2019-09-20,Art,5.8,No Notes,https://www.mountainproject.com/route/105935012/art,1,Tennessee > The Tennessee Wall > T-Wall East,3.4,4,Lead,Redpoint,Trad,Not Assigned,80.0,T-Wall East,Tennessee
2019-09-15,First Black in Space,5.8+,No Notes,https://www.mountainproject.com/route/112812654/first-black-in-space,1,Alabama > Sand Rock > Sun Wall,2.8,-1,Lead,Onsight,"Trad, TR",Not Assigned,50.0,Sun Wall,Alabama
2019-09-14,My Dog Has Fleas,5.9-,No Notes,https://www.mountainproject.com/route/105915399/my-dog-has-fleas,1,Alabama > Sand Rock > Holiday Block,2.6,-1,Lead,Not Led,Sport,Not Assigned,60.0,Holiday Block,Alabama
2019-08-07,Walkin' a Thin Line,5.10c R,No Notes,https://www.mountainproject.com/route/105734882/walkin-a-thin-line,1,California > San Francisco Bay Area > Mickey's Beach > Main Rock,2.5,3,Lead,Onsight,"Sport, TR",5.10c R,60.0,Main Rock,California
2019-08-07,March of Dimes,5.10a R,No Notes,https://www.mountainproject.com/route/105870849/march-of-dimes,1,California > Yosemite National Park > Tuolumne Meadows > Daff Area > Western Front,2.1,2,Lead,Flash,"Sport, TR",Not Assigned,136.0,Western Front,California
2019-08-01,Stemmer,5.10b,No Notes,https://www.mountainproject.com/route/105735113/stemmer,1,California > San Francisco Bay Area > Mickey's Beach > Main Rock,2.2,-1,Lead,Onsight,"Sport, TR",Not Assigned,50.0,Main Rock,California
2019-07-23,Blowing Bubbles,5.10a,No Notes,https://www.mountainproject.com/route/106554460/blowing-bubbles,1,California > San Francisco Bay Area > Castle Rock Area > Indian Rock,2.2,-1,Lead,Flash,"Sport, TR",Not Assigned,50.0,Indian Rock,California
2019-07-23,Dismal Abysmal,5.11c PG13,No Notes,https://www.mountainproject.com/route/110341103/dismal-abysmal,1,California > San Francisco Bay Area > Castle Rock Area > Indian Rock,2.9,-1,Lead,Onsight,TR,Not Assigned,50.0,Indian Rock,California
2019-07-21,Unknown trad,5.6 PG13,No Notes,https://www.mountainproject.com/route/113324495/unknown-trad,2,California > Lake Tahoe > Highway 50 Corridor > Lover's Leap > Hogsback > Hogwild,1.9,-1,Lead,Flash,Trad,Not Assigned,300.0,Hogwild,California
2019-07-21,Bear's Reach,5.7,No Notes,https://www.mountainproject.com/route/105798294/bears-reach,3,California > Lake Tahoe > Highway 50 Corridor > Lover's Leap > Main Formation > East Wall,3.4,4,Lead,Flash,Trad,Not Assigned,400.0,East Wall,California
2019-07-20,Diamond,5.10b,No Notes,https://www.mountainproject.com/route/105735206/diamond,1,California > Lake Tahoe > West Shore > Eagle Creek Canyon > Mayhem Cove,2.9,3,Lead,Redpoint,Sport,Not Assigned,90.0,Mayhem Cove,California
2019-04-17,The Preacher's Daughter,5.11a/b,No Notes,https://www.mountainproject.com/route/107879859/the-preachers-daughter,1,Kentucky > Red River Gorge > Pendergrass-Murray Recreational Preserve (PMRP) > The Gallery,3.5,-1,Lead,Fell/Hung,Sport,Not Assigned,70.0,The Gallery,Kentucky
2019-04-17,27 Years of Climbing,5.8,No Notes,https://www.mountainproject.com/route/106125099/27-years-of-climbing,1,Kentucky > Red River Gorge > Pendergrass-Murray Recreational Preserve (PMRP) > The Gallery,3.6,4,Lead,Onsight,Sport,Not Assigned,65.0,The Gallery,Kentucky
2019-04-16,Autumn,5.9,No Notes,https://www.mountainproject.com/route/105868022/autumn,1,Kentucky > Red River Gorge > Northern Gorge > Long Wall,3.7,4,Not Specified,Not Led,Trad,Not Assigned,80.0,Long Wall,Kentucky
2015-09-10,Long Slab aka Milk Duds,5.8+,No Notes,https://www.mountainproject.com/route/108441605/long-slab-aka-milk-duds,1,Tennessee > Foster Falls > The Dihedrals,2.4,-1,Lead,Not Led,Sport,Not Assigned,65.0,The Dihedrals,Tennessee
